{"_wandb": {"runtime": 23}, "loss_details": {"_type": "table-file", "sha256": "7ef82a8defce661314171db0241449b121f2241bf4a12da8952c1ed2d1cf9c96", "size": 471, "artifact_path": "wandb-client-artifact://ij0p7n9wpfxji9yc86tju772baa6qs9b4c1ivqm2jszrpq88x2qu8zhc2wmf7rxdf45a236at5wq415ajjjxp0aht2dlapcuovurp9mio94nxthgeyx9c05o1zkmaet3:latest/loss_details.table.json", "_latest_artifact_path": "wandb-client-artifact://ij0p7n9wpfxji9yc86tju772baa6qs9b4c1ivqm2jszrpq88x2qu8zhc2wmf7rxdf45a236at5wq415ajjjxp0aht2dlapcuovurp9mio94nxthgeyx9c05o1zkmaet3:latest/loss_details.table.json", "path": "media/table/loss_details_0_7ef82a8defce66131417.table.json", "ncols": 11, "nrows": 1}, "_timestamp": 1714957957.893221, "Training average_positive_sample_loss": 0.18067267537117004, "Training average_negative_sample_loss": 2.0230283737182617, "Training average_loss": 0.5400885343551636, "Training average_text_dist_n": 0.08157569169998169, "Training average_self_cluster_dist_n": 0.21544212102890015, "Training average_neighbor_cluster_dist_n": 0.4166710078716278, "Training average_hier_dist_n": -0.07719191908836365, "Training average_text_dist_p": 0.16317778825759888, "Training average_self_cluster_dist_p": 0.4332226514816284, "Training average_neighbor_cluster_dist_p": 0.842195987701416, "Training average_hier_dist_p": -0.00015639347839169204, "_runtime": 23.03203797340393, "_step": 0}